Clinton Zero,County,Demgov16,"Female Pct, Median Hh Inc, Rural Pct and 1 more (clusters)",Obama Zero,Othergov16,Otherpres12 0,Otherpres16  0,Repgov16,Romney Zero,State,Trump Zero,Age29Andunder Pct,Age65Andolder Pct,Black Pct,Clf Unemploy Pct,Clinton16,Cvap,Demgov14,Demhouse16,Democratic Shift,Demsen16,Female Pct,Fips,Foreignborn Pct,Hispanic Pct,Lesscollege Pct,Lesscollege Whites Pct,Lesshs Pct,Lesshs Whites Pct,Median Hh Inc,Nonwhite Pct,Obama12,Othergov14,Otherhouse16,Otherpres Shift,Otherpres12,Otherpres16,Othersen16,Repgov14,Rephouse16,Repsen16,Republican Shift,Romney12,Rural Pct,Ruralurban Cc,Total Population,Trump16,Votes12,Votes16,White Pct
TRUE,Adams,NA,Cluster 1,TRUE,NA,TRUE,TRUE,NA,TRUE,Pennsylvania,TRUE,35.81403119,18.25587909,1.352214546,5.524954721,14219,78370,11096,12814,-5.602526956,14593,50.63630735,42001,3.978026514,6.604821195,78.13326544,77.44617352,12.20774812,10.61607333,61927,10.23791507,15091,0,0,2.478482536,599,1847,2418,16729,33788,30492,3.12404442,26767,53.67578175,3,101759,31423,35.54419766,29.9416707,89.76208493
TRUE,Allegheny,NA,Cluster 2,TRUE,NA,TRUE,TRUE,NA,TRUE,Pennsylvania,TRUE,36.39243799,17.40368673,12.82502682,6.406960858,367617,961595,205311,311338,-0.148162815,357450,51.80036737,42003,5.620224975,1.890097207,60.93041857,59.56688975,6.132273227,5.274032679,54357,20.63176631,352687,0,0,2.358134065,7355,23017,28260,146989,292805,261316,-2.20997125,262039,2.486291717,1,1230360,259480,56.69470696,56.54654415,79.36823369
TRUE,Armstrong,NA,Cluster 3,TRUE,NA,TRUE,TRUE,NA,TRUE,Pennsylvania,TRUE,31.89507051,20.24232729,0.93909231,7.733723391,7178,54155,7030,0,-7.853109673,8387,50.37178576,42005,0.641367461,0.675435478,84.49582634,84.62523494,10.90001415,10.77927174,45879,2.664711459,9045,0,0,1.621661853,415,956,2220,11287,26957,20793,6.23144782,20142,67.48669152,1,67512,23484,30.55536788,22.70225821,97.33528854
TRUE,Beaver,NA,Cluster 1,TRUE,NA,TRUE,TRUE,NA,TRUE,Pennsylvania,TRUE,33.27088443,19.68263349,5.992730711,6.105234204,32531,134970,24028,34109,-7.11974535,34263,51.52330014,42007,1.647114447,1.423716793,76.59567521,76.29121874,8.067557529,7.698287208,51887,10.14863627,37055,0,0,2.101960231,1075,2873,5058,22911,48729,44000,5.017785119,42344,25.82752332,1,169205,48167,46.04592788,38.92618253,89.85136373
TRUE,Bedford,NA,Cluster 3,TRUE,NA,TRUE,TRUE,NA,TRUE,Pennsylvania,TRUE,32.57594367,20.53754196,0.472856792,6.216284558,3645,38650,4738,8811,-6.646828272,4356,50.03479899,42009,0.540407762,1.115614509,86.23746672,86.24140632,13.34334108,13.25385084,46746,2.996806681,4788,0,0,0.907439398,207,440,1344,8944,14343,17739,5.739388875,16702,83.79486355,6,48852,19552,22.06756695,15.42073867,97.00319332
TRUE,Berks,NA,Cluster 2,TRUE,NA,TRUE,TRUE,NA,TRUE,Pennsylvania,TRUE,38.91817618,15.8400085,4.085757685,8.208129271,78437,306015,50762,74137,-5.891727477,77028,50.84678228,42011,7.051970915,18.82312598,76.38186075,73.82189123,14.46759384,9.955477278,57068,25.92556816,83011,0,1789,2.840476819,2607,8002,6919,48809,99194,95466,3.051250658,84702,23.73603084,2,414097,96626,48.7382574,42.84652992,74.07443184
TRUE,Blair,NA,Cluster 1,TRUE,NA,TRUE,TRUE,NA,TRUE,Pennsylvania,TRUE,35.27879476,19.31113352,1.575641097,5.815087168,13958,99495,12459,19888,-6.975611231,15107,51.03599991,42013,1.149963865,1.135668734,80.46613748,80.50978703,9.326127343,9.297965742,44033,4.975499734,16276,0,0,2.021487812,646,1816,3150,17209,33679,36533,4.95412342,33319,23.43082407,3,125917,39135,32.39585199,25.42024076,95.02450027
TRUE,Bradford,NA,Cluster 3,TRUE,NA,TRUE,TRUE,NA,TRUE,Pennsylvania,TRUE,34.82720683,19.33244887,0.551708517,5.406076075,6369,47850,4920,6159,-12.03940734,6985,50.58892053,42015,1.341250324,1.433471395,82.31827563,82.57450135,11.14652603,11.03425404,51035,3.868431271,8624,0,0,2.986673614,392,1198,2000,9634,19201,16574,9.052733727,14410,72.17431574,6,61808,18141,36.81379664,24.7743893,96.13156873
TRUE,Bucks,NA,Cluster 2,TRUE,NA,TRUE,TRUE,NA,TRUE,Pennsylvania,TRUE,34.80246559,16.65980007,3.715786784,6.195625661,167060,474050,103787,156527,-1.481988747,157709,50.96483664,42017,8.528153045,4.854364281,61.6504558,61.58939884,6.432711508,5.500394988,79559,14.75104596,160521,0,0,2.519917531,3916,12876,5845,94546,182120,175898,-1.037928784,156579,8.829602286,1,626220,164361,50.00404964,48.5220609,85.24895404
TRUE,Butler,NA,Cluster 1,TRUE,NA,TRUE,TRUE,NA,TRUE,Pennsylvania,TRUE,35.26944627,16.97656662,1.050146795,5.154692157,28584,145675,20153,0,-2.472568781,28715,50.56889673,42019,2.033617602,1.312011356,66.70984655,67.20810167,6.487712897,6.355043685,63345,4.814113801,28550,0,0,2.913657203,1134,4059,5465,35783,80065,62425,-0.441088422,59761,41.96408176,1,185974,64428,31.9190564,29.44648762,95.1858862
TRUE,Cambria,NA,Cluster 1,TRUE,NA,TRUE,TRUE,NA,TRUE,Pennsylvania,TRUE,33.93824132,20.38152756,3.17939635,8.305494575,18867,110410,21441,21543,-10.15034198,21894,50.73605203,42021,1.16940811,1.525819892,79.77952403,79.54140456,9.527493333,9.178349829,42917,6.946037369,24249,0,0,1.246416908,1114,1947,3886,17841,40932,36948,8.90392507,35163,32.00606909,3,137762,42258,40.06377425,29.91343227,93.05396263
TRUE,Cameron,NA,Cluster 1,TRUE,NA,TRUE,TRUE,NA,TRUE,Pennsylvania,TRUE,28.72893697,23.77782401,0.603286873,4.868421053,531,3935,593,526,-10.00559956,593,49.40711463,42023,1.80986062,0.81131683,84.41629956,84.60236887,12.83039648,12.85956007,40347,2.995631371,724,0,0,1.692827576,28,66,171,754,1620,1390,8.312771987,1359,47.35496559,7,4807,1589,34.29654192,24.29094236,97.00436863
TRUE,Carbon,NA,Cluster 1,TRUE,NA,TRUE,TRUE,NA,TRUE,Pennsylvania,TRUE,32.04725634,19.53676356,1.599564744,7.987290802,8936,51115,9156,10939,-14.2143165,10086,50.34354112,42025,2.679931603,4.066531945,84.02417047,83.9795254,10.77493904,10.37200009,50822,7.320068397,11580,0,0,1.869356407,497,1097,1770,7855,16828,16360,12.34496009,13504,47.16240862,2,64330,18743,45.26797232,31.05365582,92.6799316
TRUE,Centre,NA,Cluster 1,TRUE,NA,TRUE,TRUE,NA,TRUE,Pennsylvania,TRUE,49.05703049,12.44393069,3.471585269,4.851121618,37088,126495,22346,33383,-0.379958761,35487,47.50656498,42027,8.106019676,2.757918808,57.60441881,58.75324117,6.699651315,6.25649727,54407,13.85367325,34176,0,0,2.89077771,1449,3786,4378,16460,41437,36527,-2.51081895,34001,32.21767647,3,159178,35274,49.08511188,48.70515312,86.14632675
TRUE,Chester,NA,Cluster 2,TRUE,NA,TRUE,TRUE,NA,TRUE,Pennsylvania,TRUE,38.32056059,14.57127345,5.671369534,5.330753936,141682,367555,80507,120661,3.374029578,127552,50.78257439,42029,9.204184146,7.062309092,49.76725031,47.87094944,7.04542752,4.595359327,88995,19.364566,124311,0,1690,2.973788734,2822,11004,9588,74922,145030,133662,-6.347818313,124840,13.27658022,1,512028,116114,49.3350478,52.70907738,80.635434
TRUE,Clarion,NA,Cluster 3,TRUE,NA,TRUE,TRUE,NA,TRUE,Pennsylvania,TRUE,39.00459693,17.77395413,1.070905776,7.123302672,4273,31395,4176,3168,-6.868465325,4931,51.24939007,42031,1.016975269,0.773003929,79.12630652,79.29482664,11.4858915,11.36416999,42890,3.659570097,5056,0,0,2.046365689,302,686,1204,6155,13456,11310,4.822099636,10828,76.56046814,6,38939,12576,31.23687137,24.36840605,96.3404299
TRUE,Clearfield,NA,Cluster 1,TRUE,NA,TRUE,TRUE,NA,TRUE,Pennsylvania,TRUE,32.81015153,18.94049526,2.275471233,8.11724608,8200,64075,9680,8653,-10.86206585,9454,47.94135764,42033,2.97154121,2.844647037,86.78106669,86.46681716,12.88685861,11.78510158,43361,6.694591598,11121,0,0,1.762524907,499,1139,2429,11156,25186,22128,9.09954094,20347,53.84973421,4,81170,24932,34.78900116,23.92693531,93.3054084
TRUE,Clinton,NA,Cluster 1,TRUE,NA,TRUE,TRUE,NA,TRUE,Pennsylvania,TRUE,41.91116957,17.21974909,1.535309591,6.554257625,4744,31165,4543,4530,-12.40933449,5511,50.97379603,42035,1.38101983,1.358255767,82.50748652,82.62922363,12.36574167,11.94317855,47163,4.613516795,5734,0,0,2.360702602,228,628,952,3886,10579,8702,10.04863189,7303,45.69040216,4,39536,10022,43.226536,30.81720151,95.38648321
TRUE,Columbia,NA,Cluster 1,TRUE,NA,TRUE,TRUE,NA,TRUE,Pennsylvania,TRUE,39.70227041,17.25723357,1.767207812,5.302651326,8934,54050,6421,9251,-11.03488097,9819,51.86754927,42037,2.309351225,2.52351285,78.64053244,78.67428954,11.02623333,10.63295378,46952,6.481758821,10937,0,0,2.813695932,450,1290,1991,8413,18873,16292,8.221185034,14236,40.85147485,3,66772,18004,42.68430707,31.6494261,93.51824118
TRUE,Crawford,NA,Cluster 3,TRUE,NA,TRUE,TRUE,NA,TRUE,Pennsylvania,TRUE,36.50591196,18.34717961,1.807485033,6.770653939,10971,67805,9682,611,-9.968570093,11047,51.11632022,42039,1.185838878,1.168602847,79.36701258,79.33600359,11.67873469,11.26687614,45637,4.823790318,13883,0,0,2.384746265,604,1534,1740,12770,29115,24472,7.583823828,20901,63.70078297,4,87027,24987,39.23081271,29.26224261,95.17620968
TRUE,Cumberland,NA,Cluster 2,TRUE,NA,TRUE,TRUE,NA,TRUE,Pennsylvania,TRUE,37.03401439,17.05394565,3.438348412,5.07072821,47085,187840,31264,42188,-1.321555366,44796,50.58809538,42041,5.873571798,3.39651736,66.35698696,66.26196867,8.628561317,7.915236551,62640,12.63543828,44367,0,0,3.008062341,1638,5456,5509,43589,78381,71638,-1.686506974,64809,22.17785443,2,243838,69076,40.0373599,38.71580453,87.36456172
TRUE,Dauphin,NA,Cluster 2,TRUE,NA,TRUE,TRUE,NA,TRUE,Pennsylvania,TRUE,37.89316155,15.25654319,17.50612218,6.171589311,64706,202405,40306,59322,-2.945546109,62551,51.57154308,42043,7.192181261,8.241960274,70.67541005,67.52523319,10.9214108,7.901942793,54968,32.17545098,64965,0,836,2.767456317,1593,5303,2383,39047,66093,63740,0.178089792,57450,13.3233868,2,271962,60863,52.38774918,49.44220307,67.82454902
TRUE,Delaware,NA,Cluster 2,TRUE,NA,TRUE,TRUE,NA,TRUE,Pennsylvania,TRUE,39.26333236,15.1020067,20.53756251,7.539406583,177402,414375,108307,150468,-0.554766061,163377,51.95388358,42045,9.726915115,3.47278043,63.21642611,59.76713491,7.597338167,5.42783793,66576,31.42521287,171792,0,0,2.191490874,2919,9565,3948,68957,139614,126300,-1.636724814,110853,0.46388147,1,562316,110667,60.15884355,59.60407749,68.57478713
TRUE,Elk,NA,Cluster 1,TRUE,NA,TRUE,TRUE,NA,TRUE,Pennsylvania,TRUE,31.52582688,20.54578766,0.456430202,5.062811691,3853,24880,4115,4013,-14.55884271,4509,50.04660731,42047,0.928931889,0.716788274,82.22632226,82.16991706,8.456334563,8.504819547,47917,2.503937514,5463,0,0,2.318110606,196,548,1111,4420,10231,8703,12.2407321,7579,55.6752019,7,31111,10025,41.26756308,26.70872037,97.49606249
TRUE,Erie,NA,Cluster 1,TRUE,NA,TRUE,TRUE,NA,TRUE,Pennsylvania,TRUE,39.62519659,15.74482415,6.692508589,7.074246579,58112,212470,42091,21235,-10.3705976,56846,50.65398932,42049,4.522933512,3.884886416,73.03740632,71.9414711,8.930007617,7.337006812,47094,14.85456754,68036,0,0,3.131929821,1558,5498,4930,30371,73494,60948,7.238667782,49025,20.01953195,2,279133,60069,57.35674723,46.98614963,85.14543246
TRUE,Fayette,NA,Cluster 1,TRUE,NA,TRUE,TRUE,NA,TRUE,Pennsylvania,TRUE,33.15900439,19.35647289,3.978275931,7.843473489,17946,107355,17623,18970,-11.91901078,20547,50.65075356,42051,0.90740451,1.031818757,85.26630011,85.17038008,12.63591974,12.14831804,40511,7.741993161,21971,0,0,1.22570058,516,1231,2958,12654,31772,29699,10.6933102,26018,47.89760333,1,134229,34590,45.2963612,33.37735042,92.25800684
TRUE,Forest,NA,Cluster 3,TRUE,NA,TRUE,TRUE,NA,TRUE,Pennsylvania,TRUE,25.91752302,21.46002936,30.58854931,4.498594189,626,7125,815,640,-12.68185546,708,21.51341252,42053,2.348858935,7.540371013,91.7013087,87.59342302,19.2147806,12.15744893,36594,40.54450821,896,0,0,2.404401136,33,92,164,820,1716,1502,10.27745432,1383,100,9,7493,1683,38.75432526,26.0724698,59.45549179
TRUE,Franklin,NA,Cluster 1,TRUE,NA,TRUE,TRUE,NA,TRUE,Pennsylvania,TRUE,36.65778255,18.16878074,3.695311937,6.395917888,17465,115150,12447,22461,-5.0672611,17827,50.86145363,42055,3.249359885,5.058052349,79.94455326,79.85134386,13.45482415,12.79900622,55751,11.03027366,18995,0,0,2.27760402,823,2498,3309,25888,45109,48658,2.78965708,43260,40.35209667,3,152707,49768,30.11351026,25.04624916,88.96972634
TRUE,Fulton,NA,Cluster 3,TRUE,NA,TRUE,TRUE,NA,TRUE,Pennsylvania,TRUE,34.17730158,19.44311745,1.337610046,5.997483573,912,11480,1111,1914,-7.676878641,1025,49.59393981,42057,0.559612366,1.078277486,86.62310206,86.78613627,13.02133385,13.10555337,49420,3.514638641,1310,0,0,1.29077754,71,165,250,2648,4756,5456,6.386101101,4814,100,8,14653,5694,21.14608555,13.46920691,96.48536136
TRUE,Greene,NA,Cluster 3,TRUE,NA,TRUE,TRUE,NA,TRUE,Pennsylvania,TRUE,35.26772678,17.10425018,4.149300486,6.993228277,4482,30345,5055,2217,-12.02720071,5692,48.08463193,42059,0.809684356,1.422920704,82.6696055,81.9114295,13.27704722,12.3046239,49116,7.401311423,5852,0,0,1.474640887,184,433,896,3985,11411,8826,10.55255983,8428,66.83296283,6,37669,10849,40.4590708,28.43187008,92.59868858
TRUE,Huntingdon,NA,Cluster 3,TRUE,NA,TRUE,TRUE,NA,TRUE,Pennsylvania,TRUE,35.14527528,18.57167786,5.13262368,7.290206289,4539,36870,5493,4935,-7.631409856,5105,47.0181485,42061,1.036122502,1.860657883,85.28791169,84.41414515,11.39414697,10.6928166,45250,8.915016142,5409,0,0,1.992220329,251,673,1406,7238,14378,13078,5.639189527,11979,68.66247032,6,45844,14494,30.66500369,23.03359383,91.08498386
TRUE,Indiana,NA,Cluster 3,TRUE,NA,TRUE,TRUE,NA,TRUE,Pennsylvania,TRUE,40.94478289,17.08518591,2.276805614,7.732957127,11528,70725,10220,16320,-9.325893188,12592,49.79026414,42063,1.707604211,1.264130025,77.84664708,78.21079292,11.04639772,11.20334252,45118,6.049765119,14473,0,0,1.957697863,591,1354,2955,12195,19336,22245,7.368195325,21257,60.06975698,4,87491,24888,39.84747116,30.52157797,93.95023488
TRUE,Jefferson,NA,Cluster 3,TRUE,NA,TRUE,TRUE,NA,TRUE,Pennsylvania,TRUE,34.85137409,19.47504206,0.628154795,5.21478236,3650,35050,4265,4428,-7.712807849,4160,50.33987661,42065,0.536174986,0.814357824,85.1716813,85.23028228,10.91912114,10.86170144,43913,2.6068424,4787,0,0,1.817468531,262,636,1451,7253,14792,13706,5.895339318,13048,61.46017699,7,44575,15192,26.45189811,18.73909026,97.3931576
TRUE,Juniata,NA,Cluster 3,TRUE,NA,TRUE,TRUE,NA,TRUE,Pennsylvania,TRUE,35.40768208,19.79767039,0.943130063,5.303287021,1821,18940,2169,1855,-9.292943571,2153,50.17935593,42067,2.128088348,3.087340293,86.68735989,86.90716748,17.64097258,17.08070843,49028,4.957478538,2547,0,0,2.122210631,126,360,612,4423,8266,7657,7.170732941,6862,82.2536126,6,24811,8273,26.71211327,17.4191697,95.04252146
TRUE,Lackawanna,NA,Cluster 1,TRUE,NA,TRUE,TRUE,NA,TRUE,Pennsylvania,TRUE,36.0820822,18.80040938,2.641240153,6.508790331,51983,164940,41569,61646,14.4509401,53936,51.65441349,42069,5.105489986,6.320009765,73.90064766,73.03394708,9.965280096,8.253311015,46673,12.61185131,35085,0,0,1.871695206,1092,3089,7455,18029,37774,40519,-16.3226353,61838,16.30548833,2,213006,48384,35.7955415,50.2464816,87.38814869
TRUE,Lancaster,NA,Cluster 2,TRUE,NA,TRUE,TRUE,NA,TRUE,Pennsylvania,TRUE,40.09716569,16.38273527,3.533041961,5.45520101,91093,394585,57252,88103,-1.997815758,89922,51.04650072,42071,4.572789856,9.769653542,74.34967,72.86481004,15.39911455,13.82781948,59237,16.84736734,88481,0,7926,3.543209546,3286,12105,9909,82760,145243,142774,-1.545393788,130669,21.25711096,2,533110,137914,39.77818339,37.78036763,83.15263267
TRUE,Lawrence,NA,Cluster 1,TRUE,NA,TRUE,TRUE,NA,TRUE,Pennsylvania,TRUE,34.00167179,20.03095066,3.760392192,6.526561866,14009,70165,11985,2809,-10.48833214,15289,51.60514188,42073,1.319356588,1.24593349,79.6719335,79.45189426,10.49241703,10.35775869,45764,7.762515814,17513,0,0,2.009822887,476,1316,2317,11147,30081,22674,8.47850925,21047,40.31808403,4,88528,25428,44.86371555,34.37538341,92.23748419
TRUE,Lebanon,NA,Cluster 1,TRUE,NA,TRUE,TRUE,NA,TRUE,Pennsylvania,TRUE,37.11938664,18.23074115,1.777290982,6.497584541,18953,103190,13217,17281,-4.525468908,19079,51.13983206,42075,3.802117561,11.68820738,80.14107955,79.36517519,13.96815572,12.26909425,56191,15.98028478,19900,0,1538,2.399243756,808,2367,3060,22140,41619,39386,2.126225151,35872,26.55576186,3,136950,40525,35.17143867,30.64596976,84.01971523
TRUE,Lehigh,NA,Cluster 2,TRUE,NA,TRUE,TRUE,NA,TRUE,Pennsylvania,TRUE,38.36428906,15.8685255,5.277988361,7.721517637,81324,262635,44590,67153,-2.739019463,77232,51.27288234,42077,10.59081585,21.82824589,71.09212625,67.76749238,11.93463886,8.160261111,57685,32.42184887,78283,0,6274,2.458741102,1845,5979,6627,36870,84949,76216,0.280278361,66874,7.925676043,2,358792,73690,53.25301697,50.5139975,67.57815113
TRUE,Luzerne,NA,Cluster 1,TRUE,NA,TRUE,TRUE,NA,TRUE,Pennsylvania,TRUE,35.11760113,18.9278088,3.320299639,7.578419704,52451,247480,41574,58232,-12.82004299,56477,50.73012727,42079,5.678279929,9.343183336,77.9474471,76.91795287,10.90567552,8.675443098,46577,15.14782843,64307,0,0,1.395648913,1807,3844,8650,32562,73301,66551,11.42439408,58325,19.98485595,2,318917,78688,51.67752875,38.85748576,84.85217157
TRUE,Lycoming,NA,Cluster 1,TRUE,NA,TRUE,TRUE,NA,TRUE,Pennsylvania,TRUE,37.34492275,17.61454008,4.714004454,7.325459453,13020,91640,10990,13087,-6.950510274,14187,50.90488595,42081,1.585377387,1.783979435,79.37530987,78.92718787,11.14154685,10.97272355,48731,9.172663417,15203,0,0,2.433793128,632,1918,3365,20092,37297,33015,4.516717146,30658,36.27649404,3,116313,35627,32.69954617,25.74903589,90.82733658
TRUE,McKean,NA,Cluster 3,TRUE,NA,TRUE,TRUE,NA,TRUE,Pennsylvania,TRUE,34.90342416,18.12293178,2.407941984,7.854242895,4025,33720,2882,3710,-10.36158218,3987,48.31138961,42083,1.577131592,2.081719824,83.00484438,82.61317604,10.43864888,10.23736764,44023,6.423525546,5297,0,0,2.142141627,266,636,605,5220,12280,11530,8.219440548,9545,63.53739931,7,42609,11635,35.06089489,24.69931272,93.57647445
TRUE,Mercer,NA,Cluster 1,TRUE,NA,TRUE,TRUE,NA,TRUE,Pennsylvania,TRUE,35.28857397,19.84938655,5.658039407,6.189290861,18733,90690,14059,0,-11.82951126,19193,50.72078047,42085,1.390076616,1.321139985,78.42521458,78.10167848,10.48647431,10.12339359,45831,9.525471649,24232,0,0,2.496566379,706,2032,2046,14926,37915,30567,9.332944877,25925,44.48893157,2,114598,31544,47.64170419,35.81219293,90.47452835
TRUE,Mifflin,NA,Cluster 1,TRUE,NA,TRUE,TRUE,NA,TRUE,Pennsylvania,TRUE,35.27959644,20.2339809,0.633251046,5.21128089,3877,35860,3490,3681,-5.258066881,4031,50.90479768,42087,1.023934743,1.358806483,87.93303954,88.4698852,16.94821888,16.98380249,42019,3.694322207,4273,0,0,2.415685069,159,630,1093,7310,14180,13089,2.842381813,11939,50.46698942,4,46585,14094,26.10103231,20.84296543,96.30567779
TRUE,Monroe,NA,Cluster 2,TRUE,NA,TRUE,TRUE,NA,TRUE,Pennsylvania,TRUE,37.75594462,14.94860165,12.78257123,10.28984834,33918,126260,19229,33006,-7.353538088,34280,50.61689982,42089,10.72723574,14.64404102,76.44606934,75.84242424,10.44967237,9.717575758,58980,31.88372844,35221,0,0,2.191967873,829,2448,1768,14443,31649,30743,5.161570215,26867,38.35388184,3,167126,33386,55.98010077,48.62656268,68.11627156
TRUE,Montgomery,NA,Cluster 2,TRUE,NA,TRUE,TRUE,NA,TRUE,Pennsylvania,TRUE,36.11627257,16.42001971,8.677789272,5.895039861,256082,603170,155740,246385,2.299490594,237353,51.41590144,42091,10.34936682,4.7311111,52.5426698,51.5918882,6.097011932,4.859505797,81902,22.92088504,233356,0,0,2.569096204,4463,15874,5431,104459,125525,189574,-4.868586798,174381,2.93371206,1,815876,162731,56.61232412,58.91181471,77.07911496
TRUE,Montour,NA,Cluster 1,TRUE,NA,TRUE,TRUE,NA,TRUE,Pennsylvania,TRUE,33.79700065,19.99021952,1.722451641,5.338396247,2857,14330,2123,2871,-5.594309104,2898,51.98869811,42093,3.238426429,2.396218213,71.50553726,73.476388,10.15414547,10.48978941,55233,7.666811563,3053,0,0,3.194656652,126,411,586,2900,5531,5066,2.399652452,4652,53.76909181,3,18404,5288,38.98608096,33.39177186,92.33318844
TRUE,Northampton,NA,Cluster 2,TRUE,NA,TRUE,TRUE,NA,TRUE,Pennsylvania,TRUE,36.45048583,17.33661653,4.567083722,6.683384143,66272,230620,40723,60430,-5.535777882,64151,50.91508053,42095,7.257087715,12.07706642,72.12613469,71.19578726,9.576750817,8.017387384,62753,21.5785971,67606,0,2192,2.552572719,1683,5511,3566,33337,73748,72172,2.983205163,61446,12.76840143,2,300520,71736,51.71224232,46.17646444,78.4214029
TRUE,Northumberland,NA,Cluster 1,TRUE,NA,TRUE,TRUE,NA,TRUE,Pennsylvania,TRUE,33.46725078,19.66663105,2.465006945,6.777580799,9788,74685,10573,10434,-12.63216381,11117,49.47430281,42097,1.336681269,3.047334117,84.97858499,84.77839013,14.18100467,13.52324769,43701,6.828721017,13072,0,0,1.96913587,622,1407,2592,10396,25333,21826,10.66302794,19518,34.86057041,4,93590,25427,39.35926774,26.72710393,93.17127898
TRUE,Perry,NA,Cluster 3,TRUE,NA,TRUE,TRUE,NA,TRUE,Pennsylvania,TRUE,35.50726225,15.86522663,0.858763993,5.181368508,4632,35270,4204,4617,-7.82839971,4962,49.62429075,42099,1.296908888,1.684667119,83.65555799,83.88869252,11.73439111,11.48420681,58585,4.037505203,5685,0,0,2.61234962,323,910,1231,8501,16122,14898,5.216050089,13120,88.49877091,2,45647,15616,29.72082811,21.8924284,95.9624948
TRUE,Philadelphia,NA,Cluster 2,TRUE,NA,TRUE,TRUE,NA,TRUE,Pennsylvania,TRUE,43.59493775,12.5216515,41.55210015,12.52400886,584025,1120330,326646,587147,-2.761359504,560421,52.69690206,42101,13.07160926,13.76785488,73.65028032,60.67613326,17.39083817,10.07265561,39770,64.73212397,588806,0,0,1.367565088,5054,14858,8030,44383,61056,116714,1.393794417,96467,0,1,1559938,108748,85.29378106,82.53242156,35.26787603
TRUE,Pike,NA,Cluster 3,TRUE,NA,TRUE,TRUE,NA,TRUE,Pennsylvania,TRUE,32.01565558,20.48567871,5.488347269,9.857596104,9256,43450,5316,8912,-8.39702948,9329,50.02312756,42103,8.309909269,10.06404554,74.70395628,74.85429537,9.254289864,8.718964914,61199,18.37217577,10210,0,0,1.807184728,283,789,1113,7453,16369,15192,6.589844752,12786,70.7612125,1,56210,16056,43.85927231,35.46224283,81.62782423
TRUE,Potter,NA,Cluster 3,TRUE,NA,TRUE,TRUE,NA,TRUE,Pennsylvania,TRUE,33.26179013,21.78780672,0.498868844,5.77724036,1302,13495,1526,1210,-9.467802726,1387,49.56784036,42105,1.1369569,1.200765706,84.9512987,84.97668221,12.5,12.45836109,40921,3.289053889,1897,0,0,1.393475112,114,231,323,3136,6459,5990,8.074327613,5231,100,9,17239,6251,26.19442143,16.72661871,96.71094611
TRUE,Schuylkill,NA,Cluster 1,TRUE,NA,TRUE,TRUE,NA,TRUE,Pennsylvania,TRUE,32.72578572,19.23946585,2.599259122,7.996438892,16770,115570,20541,23262,-15.84631714,19539,48.93919713,42107,1.84738459,3.586867625,84.68378516,84.27562016,12.11356229,11.33264119,46573,7.9441661,24546,0,0,1.772838416,903,2098,4832,17167,38280,37757,14.07347872,32278,36.46123448,4,145503,44001,42.52083081,26.67451367,92.0558339
TRUE,Snyder,NA,Cluster 3,TRUE,NA,TRUE,TRUE,NA,TRUE,Pennsylvania,TRUE,39.65114546,16.81906276,0.916861303,4.396299903,4002,31225,3982,3843,-6.784883204,4299,50.44973414,42109,1.361626,2.146797197,83.32205938,83.63593951,17.11010898,17.07165351,51110,4.730904935,4687,0,0,2.27369957,242,636,1116,5772,12034,10867,4.511183634,10073,66.82031132,7,40246,11725,31.242501,24.4576178,95.26909507
TRUE,Somerset,NA,Cluster 3,TRUE,NA,TRUE,TRUE,NA,TRUE,Pennsylvania,TRUE,31.4838388,20.47085996,2.607577328,6.652836194,7376,61840,9594,8066,-7.181462805,8340,48.12535269,42111,0.879253553,1.339877429,84.53389456,84.24740501,12.85747131,11.97331395,45424,5.204656107,9436,0,0,1.307804009,522,1018,1923,13145,27578,25470,5.873658795,23984,70.80214041,4,76201,27379,27.80036533,20.61890252,94.79534389
TRUE,Sullivan,NA,Cluster 3,TRUE,NA,TRUE,TRUE,NA,TRUE,Pennsylvania,TRUE,26.37258013,26.9120914,2.364328785,8.894230769,750,5445,778,786,-11.1469168,867,47.58806728,42113,1.872421454,1.729609648,84.48871722,84.33179724,10.95751169,10.30582321,44926,6.474135195,1034,0,0,1.435576138,47,95,206,1325,2276,2020,9.711340665,1868,100,8,6302,2291,35.06273313,23.91581633,93.52586481
TRUE,Susquehanna,NA,Cluster 3,TRUE,NA,TRUE,TRUE,NA,TRUE,Pennsylvania,TRUE,32.02572194,20.06836871,0.547427806,7.375830277,5123,33335,4283,5054,-11.27483992,5535,49.65576592,42115,1.611206732,1.704436795,83.2514413,83.23943187,11.10455975,10.7418778,50160,3.549913941,6935,0,0,2.788394125,309,849,1716,7790,13839,11996,8.486445798,10800,84.02989206,6,41832,12891,38.43382842,27.1589885,96.45008606
TRUE,Tioga,NA,Cluster 3,TRUE,NA,TRUE,TRUE,NA,TRUE,Pennsylvania,TRUE,36.06147843,19.585544,0.523423188,6.79009206,3901,33390,3448,3812,-10.2164938,3992,50.41041136,42117,1.17294378,1.244319669,79.51314309,79.66980967,10.91336811,10.67685513,48449,3.680616688,5357,0,0,2.626495395,305,810,764,7636,14241,13418,7.589998405,11342,90.10981158,6,42031,13614,31.50435192,21.28785812,96.31938331
TRUE,Union,NA,Cluster 1,TRUE,NA,TRUE,TRUE,NA,TRUE,Pennsylvania,TRUE,38.15131259,16.07419541,6.412413121,4.911793448,6180,36095,4784,5992,-2.173271112,6092,44.86254372,42119,3.222807561,5.693036434,77.8580259,75.82789179,14.83180428,13.27736318,51349,15.66027713,6109,0,0,2.19601529,263,666,841,5362,11164,10568,-0.022744178,9896,42.81487085,4,45178,10622,37.55224982,35.3789787,84.33972287
TRUE,Venango,NA,Cluster 1,TRUE,NA,TRUE,TRUE,NA,TRUE,Pennsylvania,TRUE,32.85072952,19.94388328,0.729517396,8.029721956,6309,42435,6053,6086,-8.819979861,6989,50.78750468,42121,0.746352413,1.060606061,83.48961301,83.49269588,11.09413045,10.7250996,43885,3.872053872,7945,0,0,2.524053883,407,1018,1638,7475,16930,14581,6.295925978,13815,54.755929,4,53460,16021,35.84156629,27.02158643,96.12794613
TRUE,Warren,NA,Cluster 1,TRUE,NA,TRUE,TRUE,NA,TRUE,Pennsylvania,TRUE,32.16807302,20.67947551,0.460035917,5.792023086,5145,32415,4754,5139,-12.52548036,5124,49.90528672,42123,1.180840857,0.998794558,81.57201702,81.6834761,8.788574515,8.531362255,44977,2.986543334,6995,0,0,2.705383778,294,812,958,5926,12709,12130,9.820096578,10010,55.04244888,6,40649,12477,40.43586335,27.91038299,97.01345667
TRUE,Washington,NA,Cluster 1,TRUE,NA,TRUE,TRUE,NA,TRUE,Pennsylvania,TRUE,33.97673202,18.90439768,2.818470344,6.172303042,36322,165075,28288,8110,-6.777616383,38133,51.0349596,42125,1.997896951,1.504304529,71.86268046,71.65805509,8.245765106,7.773937213,57534,7.253119763,40345,0,0,2.44841097,1175,3742,5824,30279,75676,56952,4.329205413,53230,30.82475219,1,208269,61386,42.58047493,35.80285855,92.74688024
TRUE,Wayne,NA,Cluster 3,TRUE,NA,TRUE,TRUE,NA,TRUE,Pennsylvania,TRUE,30.02904087,20.68333756,3.223731655,7.443422914,7008,41830,6069,6641,-9.679661159,7487,46.857154,42127,2.927475783,4.054027716,79.48691344,78.46586711,10.12165703,8.989370772,50595,8.953943906,8396,0,0,1.731413832,315,766,1803,7603,16679,14538,7.948247327,12896,88.093976,6,51307,16244,38.85777757,29.17811641,91.04605609
TRUE,Westmoreland,NA,Cluster 1,TRUE,NA,TRUE,TRUE,NA,TRUE,Pennsylvania,TRUE,31.82145769,20.66938062,2.373830267,5.292646761,59669,289880,45475,22689,-4.802157543,62981,51.16548917,42129,1.543782713,1.064341903,73.09419086,73.00648282,6.976213738,6.739755358,54142,5.768315724,63722,0,0,2.087795265,1918,5860,9745,60678,135374,107532,2.714362278,103932,25.36359877,1,359377,116522,37.5781379,32.77598036,94.23168428
TRUE,Wyoming,NA,Cluster 3,TRUE,NA,TRUE,TRUE,NA,TRUE,Pennsylvania,TRUE,35.14566577,18.37354781,0.868632708,7.03230868,3811,22165,3399,3980,-13.63549909,4154,49.77301162,42131,1.27613941,1.780160858,81.39971579,81.3179949,8.35363378,8.125553069,53397,4.125111707,5061,0,0,1.886792453,224,496,1068,4239,9003,7844,11.74870663,6587,83.45593436,2,27975,8837,42.62971698,28.99421789,95.87488829
TRUE,York,NA,Cluster 2,TRUE,NA,TRUE,TRUE,NA,TRUE,Pennsylvania,TRUE,36.83988343,15.84166281,5.254605042,6.240873568,68524,334780,52072,62969,-5.412193871,69394,50.56513332,42133,3.599150257,6.649735363,76.88465643,76.29668396,11.46342665,10.25247014,59853,15.27448684,73191,0,0,2.892377708,2734,8934,10271,69055,141076,126350,2.519816163,113304,24.72044178,2,440604,128528,38.67853236,33.26633849,84.72551316